Date,Time,Weekday,Count
2026-03-07,22:15,Saturday,21
2026-03-08,07:25,Sunday,26
2026-03-08,10:21,Sunday,53
2026-03-08,12:44,Sunday,53
2026-03-08,13:44,Sunday,44
2026-03-08,14:46,Sunday,51
2026-03-08,15:32,Sunday,73
2026-03-08,17:39,Sunday,90
2026-03-08,18:37,Sunday,96
2026-03-08,19:31,Sunday,75
2026-03-08,21:08,Sunday,62
2026-03-08,21:48,Sunday,43
2026-03-08,22:35,Sunday,0
2026-03-09,07:34,Monday,21
2026-03-09,10:54,Monday,41
2026-03-09,13:01,Monday,52
2026-03-09,14:06,Monday,51
2026-03-09,15:15,Monday,76
2026-03-09,16:58,Monday,97
2026-03-09,18:03,Monday,99
2026-03-09,18:56,Monday,103
2026-03-09,19:41,Monday,96
2026-03-09,21:25,Monday,75
2026-03-09,23:03,Monday,0
2026-03-10,07:37,Tuesday,13
2026-03-10,10:46,Tuesday,45
2026-03-10,12:49,Tuesday,66
2026-03-10,13:55,Tuesday,41
2026-03-10,15:04,Tuesday,65
2026-03-10,15:49,Tuesday,63
2026-03-10,16:57,Tuesday,91
2026-03-10,17:56,Tuesday,74
2026-03-10,18:55,Tuesday,114
2026-03-10,19:41,Tuesday,120
2026-03-10,21:22,Tuesday,79
2026-03-10,23:02,Tuesday,0
2026-03-11,07:37,Wednesday,30
2026-03-11,10:45,Wednesday,42
2026-03-11,12:50,Wednesday,78
2026-03-11,13:58,Wednesday,57
2026-03-11,15:07,Wednesday,99
2026-03-11,15:51,Wednesday,91
2026-03-11,16:56,Wednesday,69
2026-03-11,17:56,Wednesday,102
2026-03-11,18:54,Wednesday,98
2026-03-11,19:41,Wednesday,118
2026-03-11,21:23,Wednesday,88
2026-03-11,22:58,Wednesday,0
2026-03-12,07:36,Thursday,24
2026-03-12,10:51,Thursday,55
2026-03-12,12:55,Thursday,67
2026-03-12,14:00,Thursday,48
2026-03-12,15:09,Thursday,87
2026-03-12,15:53,Thursday,65
2026-03-12,16:56,Thursday,99
2026-03-12,18:54,Thursday,99
2026-03-12,19:38,Thursday,116
2026-03-12,21:23,Thursday,95
2026-03-12,23:01,Thursday,0
2026-03-13,07:38,Friday,30
2026-03-13,10:48,Friday,56
2026-03-13,12:53,Friday,68
2026-03-13,13:58,Friday,59
2026-03-13,15:08,Friday,85
2026-03-13,15:52,Friday,80
2026-03-13,16:54,Friday,78
2026-03-13,17:53,Friday,90
2026-03-13,18:51,Friday,81
2026-03-13,19:39,Friday,84
2026-03-13,21:20,Friday,57
2026-03-13,22:55,Friday,0
2026-03-14,07:38,Saturday,25
2026-03-14,10:47,Saturday,61
2026-03-14,12:50,Saturday,60
2026-03-14,13:55,Saturday,60
2026-03-14,15:02,Saturday,82
2026-03-14,15:42,Saturday,73
2026-03-14,16:49,Saturday,84
2026-03-14,17:45,Saturday,74
2026-03-14,18:39,Saturday,63
2026-03-14,19:33,Saturday,37
2026-03-14,21:12,Saturday,71
2026-03-14,22:40,Saturday,0
2026-03-15,07:37,Sunday,23
2026-03-15,11:26,Sunday,70
2026-03-15,13:41,Sunday,36
2026-03-15,15:11,Sunday,75
2026-03-15,16:51,Sunday,78
2026-03-15,17:45,Sunday,69
2026-03-15,18:43,Sunday,58
2026-03-15,19:35,Sunday,49
2026-03-15,21:13,Sunday,63
2026-03-15,22:41,Sunday,0
2026-03-16,11:29,Monday,60
2026-03-16,13:54,Monday,35
2026-03-16,15:44,Monday,85
2026-03-16,17:10,Monday,82
2026-03-16,19:06,Monday,103
2026-03-16,19:54,Monday,94
2026-03-16,21:48,Monday,50
2026-03-16,23:13,Monday,0
2026-03-17,07:39,Tuesday,33
2026-03-17,10:51,Tuesday,56
2026-03-17,13:00,Tuesday,68
2026-03-17,14:07,Tuesday,51
2026-03-17,15:17,Tuesday,80
2026-03-17,17:03,Tuesday,85
2026-03-17,18:02,Tuesday,74
2026-03-17,19:01,Tuesday,121
2026-03-17,19:50,Tuesday,122
2026-03-17,21:45,Tuesday,55
2026-03-17,23:10,Tuesday,0
2026-03-18,07:42,Wednesday,30
2026-03-18,11:15,Wednesday,52
2026-03-18,13:39,Wednesday,41
2026-03-18,15:15,Wednesday,84
2026-03-18,17:02,Wednesday,119
2026-03-18,18:05,Wednesday,86
2026-03-18,19:02,Wednesday,119
2026-03-18,19:53,Wednesday,101
2026-03-18,21:48,Wednesday,55
2026-03-18,23:18,Wednesday,0
2026-03-19,07:38,Thursday,25
2026-03-19,11:16,Thursday,49
2026-03-19,13:35,Thursday,38
2026-03-19,15:11,Thursday,87
2026-03-19,16:57,Thursday,92
2026-03-19,17:57,Thursday,97
2026-03-19,18:55,Thursday,103
2026-03-19,19:46,Thursday,116
2026-03-19,21:38,Thursday,67
2026-03-19,23:00,Thursday,0
2026-03-20,07:39,Friday,21
2026-03-20,10:50,Friday,80
2026-03-20,12:55,Friday,98
2026-03-20,14:01,Friday,94
2026-03-20,15:08,Friday,80
2026-03-20,15:52,Friday,74
2026-03-20,16:55,Friday,92
2026-03-20,17:55,Friday,113
2026-03-20,18:52,Friday,113
2026-03-20,19:39,Friday,101
2026-03-20,21:21,Friday,81
2026-03-20,22:55,Friday,0
2026-03-21,07:38,Saturday,28
2026-03-21,10:44,Saturday,67
2026-03-21,12:44,Saturday,68
2026-03-21,13:51,Saturday,53
